<?xml version="1.0" encoding="UTF-8"?><MD_Metadata xmlns:gts="http://www.isotc211.org/2005/gts" xmlns:gco="http://www.isotc211.org/2005/gco" xmlns:xalan="http://xml.apache.org/xalan" xmlns:srv="http://www.isotc211.org/2005/srv" xmlns:gmx="http://www.isotc211.org/2005/gmx" xmlns:xlink="http://www.w3.org/1999/xlink" xmlns:xsi="http://www.w3.org/2001/XMLSchema-instance" xmlns:gml="http://www.opengis.net/gml" xmlns="http://www.isotc211.org/2005/gmd">
    <language>
        <LanguageCode codeList="http://www.loc.gov/standards/iso639-2/php/code_list.php" codeListValue="eng" codeSpace="ISO639-2">eng</LanguageCode>
    </language>
    <characterSet>
        <MD_CharacterSetCode codeList="http://www.isotc211.org/2005/resources/Codelist/gmxCodelists.xml#MD_CharacterSetCode" codeListValue="utf8" codeSpace="ISOTC211/19115">utf8</MD_CharacterSetCode>
    </characterSet>
    <hierarchyLevel>
        <MD_ScopeCode codeList="http://www.isotc211.org/2005/resources/Codelist/gmxCodelists.xml#MD_ScopeCode" codeListValue="dataset" codeSpace="ISOTC211/19115">dataset</MD_ScopeCode>
    </hierarchyLevel>
    <hierarchyLevelName>
        <gco:CharacterString>dataset</gco:CharacterString>
    </hierarchyLevelName>
    <contact>
        <CI_ResponsibleParty>
            <individualName>
                <gco:CharacterString>Douglas Geverdt</gco:CharacterString>
            </individualName>
            <organisationName>
                <gco:CharacterString>National Center for Education Statistics</gco:CharacterString>
            </organisationName>
            <positionName>
                <gco:CharacterString>Administrative Data Division</gco:CharacterString>
            </positionName>
            <contactInfo>
                <CI_Contact>
                    <phone>
                        <CI_Telephone>
                            <voice>
                                <gco:CharacterString>202-245-8230</gco:CharacterString>
                            </voice>
                        </CI_Telephone>
                    </phone>
                    <address>
                        <CI_Address>
                            <deliveryPoint>
                                <gco:CharacterString>550 12th St SW</gco:CharacterString>
                            </deliveryPoint>
                            <city>
                                <gco:CharacterString>Washington</gco:CharacterString>
                            </city>
                            <administrativeArea>
                                <gco:CharacterString>DC</gco:CharacterString>
                            </administrativeArea>
                            <postalCode>
                                <gco:CharacterString>20202</gco:CharacterString>
                            </postalCode>
                            <country>
                                <Country codeList="http://www.iso.org/iso/country_codes/iso_3166_code_lists.htm" codeListValue="US" codeSpace="ISO3166-1">US</Country>
                            </country>
                            <electronicMailAddress>
                                <gco:CharacterString>Douglas.Geverdt@ed.gov</gco:CharacterString>
                            </electronicMailAddress>
                        </CI_Address>
                    </address>
                </CI_Contact>
            </contactInfo>
            <role>
                <CI_RoleCode codeList="http://www.isotc211.org/2005/resources/Codelist/gmxCodelists.xml#CI_RoleCode" codeListValue="originator" codeSpace="ISOTC211/19115">originator</CI_RoleCode>
            </role>
        </CI_ResponsibleParty>
    </contact>
    <dateStamp>
        <gco:Date>2024-01-26</gco:Date>
    </dateStamp>
    <metadataStandardName>
        <gco:CharacterString>ISO 19139 Geographic Information - Metadata - Implementation Specification</gco:CharacterString>
    </metadataStandardName>
    <metadataStandardVersion>
        <gco:CharacterString>2007</gco:CharacterString>
    </metadataStandardVersion>
    <spatialRepresentationInfo>
        <MD_VectorSpatialRepresentation>
            <topologyLevel>
                <MD_TopologyLevelCode codeList="http://www.isotc211.org/2005/resources/Codelist/gmxCodelists.xml#MD_TopologyLevelCode" codeListValue="geometryOnly" codeSpace="ISOTC211/19115">geometryOnly</MD_TopologyLevelCode>
            </topologyLevel>
            <geometricObjects>
                <MD_GeometricObjects>
                    <geometricObjectType>
                        <MD_GeometricObjectTypeCode codeList="http://www.isotc211.org/2005/resources/Codelist/gmxCodelists.xml#MD_GeometricObjectTypeCode" codeListValue="point" codeSpace="ISOTC211/19115">point</MD_GeometricObjectTypeCode>
                    </geometricObjectType>
                    <geometricObjectCount>
                        <gco:Integer>102268</gco:Integer>
                    </geometricObjectCount>
                </MD_GeometricObjects>
            </geometricObjects>
        </MD_VectorSpatialRepresentation>
    </spatialRepresentationInfo>
    <referenceSystemInfo>
        <MD_ReferenceSystem>
            <referenceSystemIdentifier>
                <RS_Identifier>
                    <code>
                        <gco:CharacterString>4269</gco:CharacterString>
                    </code>
                    <codeSpace>
                        <gco:CharacterString>EPSG</gco:CharacterString>
                    </codeSpace>
                    <version>
                        <gco:CharacterString>6.5(3.0.1)</gco:CharacterString>
                    </version>
                </RS_Identifier>
            </referenceSystemIdentifier>
        </MD_ReferenceSystem>
    </referenceSystemInfo>
    <identificationInfo>
        <MD_DataIdentification>
            <citation>
                <CI_Citation>
                    <title>
                        <gco:CharacterString>Public School Locations 2022-23</gco:CharacterString>
                    </title>
                    <date>
                        <CI_Date>
                            <date>
                                <gco:Date>2024-01-26</gco:Date>
                            </date>
                            <dateType>
                                <CI_DateTypeCode codeList="http://www.isotc211.org/2005/resources/Codelist/gmxCodelists.xml#CI_DateTypeCode" codeListValue="publication" codeSpace="ISOTC211/19115">publication</CI_DateTypeCode>
                            </dateType>
                        </CI_Date>
                    </date>
                    <citedResponsibleParty>
                        <CI_ResponsibleParty>
                            <individualName>
                                <gco:CharacterString>Douglas Geverdt</gco:CharacterString>
                            </individualName>
                            <organisationName>
                                <gco:CharacterString>National Center for Education Statistics</gco:CharacterString>
                            </organisationName>
                            <positionName>
                                <gco:CharacterString>Administrative Data Division</gco:CharacterString>
                            </positionName>
                            <contactInfo>
                                <CI_Contact>
                                    <phone>
                                        <CI_Telephone>
                                            <voice>
                                                <gco:CharacterString>202-245-8230</gco:CharacterString>
                                            </voice>
                                        </CI_Telephone>
                                    </phone>
                                    <address>
                                        <CI_Address>
                                            <deliveryPoint>
                                                <gco:CharacterString>550 12th St SW</gco:CharacterString>
                                            </deliveryPoint>
                                            <city>
                                                <gco:CharacterString>Washington</gco:CharacterString>
                                            </city>
                                            <administrativeArea>
                                                <gco:CharacterString>DC</gco:CharacterString>
                                            </administrativeArea>
                                            <postalCode>
                                                <gco:CharacterString>20202</gco:CharacterString>
                                            </postalCode>
                                            <country>
                                                <Country codeList="http://www.iso.org/iso/country_codes/iso_3166_code_lists.htm" codeListValue="US" codeSpace="ISO3166-1">US</Country>
                                            </country>
                                            <electronicMailAddress>
                                                <gco:CharacterString>Douglas.Geverdt@ed.gov</gco:CharacterString>
                                            </electronicMailAddress>
                                        </CI_Address>
                                    </address>
                                </CI_Contact>
                            </contactInfo>
                            <role>
                                <CI_RoleCode codeList="http://www.isotc211.org/2005/resources/Codelist/gmxCodelists.xml#CI_RoleCode" codeListValue="originator" codeSpace="ISOTC211/19115">originator</CI_RoleCode>
                            </role>
                        </CI_ResponsibleParty>
                    </citedResponsibleParty>
                    <presentationForm>
                        <CI_PresentationFormCode codeList="http://www.isotc211.org/2005/resources/Codelist/gmxCodelists.xml#CI_PresentationFormCode" codeListValue="mapDigital" codeSpace="ISOTC211/19115">mapDigital</CI_PresentationFormCode>
                    </presentationForm>
                </CI_Citation>
            </citation>
            <abstract>
                <gco:CharacterString>The National Center for Education Statistics' (NCES) Education Demographic and Geographic Estimates (EDGE) program develops annually updated point locations (latitude and longitude) for public elementary and secondary schools included in the NCES Common Core of Data (CCD). The CCD program annually collects administrative and fiscal data about all public schools, school districts, and state education agencies in the United States. The data are supplied by state education agency officials and include basic directory and contact information for schools and school districts, as well as characteristics about student demographics, number of teachers, school grade span, and various other administrative conditions. School and agency point locations are derived from reported information about the physical location of schools and agency administrative offices. The point locations in this data layer were developed from the 2022-2023 CCD collection. For more information about NCES school point data, see:https://nces.ed.gov/programs/edge/Geographic/SchoolLocations.All information contained in this file is in the public domain. Data users are advised to review NCES program documentation and feature class metadata to understand the limitations and appropriate use of these data.</gco:CharacterString>
            </abstract>
            <purpose>
                <gco:CharacterString>2022-2023 point locations of public elementary and secondary schools created by the National Center for Education Statistics' (NCES) Education Demographic and Geographic Estimates (EDGE) program.</gco:CharacterString>
            </purpose>
            <credit>
                <gco:CharacterString>NCES EDGE</gco:CharacterString>
            </credit>
            <status>
                <MD_ProgressCode codeList="http://www.isotc211.org/2005/resources/Codelist/gmxCodelists.xml#MD_ProgressCode" codeListValue="completed" codeSpace="ISOTC211/19115">completed</MD_ProgressCode>
            </status>
            <pointOfContact>
                <CI_ResponsibleParty>
                    <individualName>
                        <gco:CharacterString>Douglas Geverdt</gco:CharacterString>
                    </individualName>
                    <organisationName>
                        <gco:CharacterString>National Center For Education Statistics</gco:CharacterString>
                    </organisationName>
                    <positionName>
                        <gco:CharacterString>Administrative Data Division</gco:CharacterString>
                    </positionName>
                    <contactInfo>
                        <CI_Contact>
                            <phone>
                                <CI_Telephone>
                                    <voice>
                                        <gco:CharacterString>202-245-8230</gco:CharacterString>
                                    </voice>
                                </CI_Telephone>
                            </phone>
                            <address>
                                <CI_Address>
                                    <deliveryPoint>
                                        <gco:CharacterString>550 12th St SW</gco:CharacterString>
                                    </deliveryPoint>
                                    <city>
                                        <gco:CharacterString>Washington</gco:CharacterString>
                                    </city>
                                    <administrativeArea>
                                        <gco:CharacterString>DC</gco:CharacterString>
                                    </administrativeArea>
                                    <postalCode>
                                        <gco:CharacterString>20202</gco:CharacterString>
                                    </postalCode>
                                    <country>
                                        <Country codeList="http://www.iso.org/iso/country_codes/iso_3166_code_lists.htm" codeListValue="US" codeSpace="ISO3166-1">US</Country>
                                    </country>
                                    <electronicMailAddress>
                                        <gco:CharacterString>douglas.geverdt@ed.gov</gco:CharacterString>
                                    </electronicMailAddress>
                                </CI_Address>
                            </address>
                        </CI_Contact>
                    </contactInfo>
                    <role>
                        <CI_RoleCode codeList="http://www.isotc211.org/2005/resources/Codelist/gmxCodelists.xml#CI_RoleCode" codeListValue="pointOfContact" codeSpace="ISOTC211/19115">pointOfContact</CI_RoleCode>
                    </role>
                </CI_ResponsibleParty>
            </pointOfContact>
            <resourceMaintenance>
                <MD_MaintenanceInformation>
                    <maintenanceAndUpdateFrequency>
                        <MD_MaintenanceFrequencyCode codeList="http://www.isotc211.org/2005/resources/Codelist/gmxCodelists.xml#MD_MaintenanceFrequencyCode" codeListValue="notPlanned" codeSpace="ISOTC211/19115">notPlanned</MD_MaintenanceFrequencyCode>
                    </maintenanceAndUpdateFrequency>
                    <contact>
                        <CI_ResponsibleParty>
                            <individualName>
                                <gco:CharacterString>Douglas Geverdt</gco:CharacterString>
                            </individualName>
                            <organisationName>
                                <gco:CharacterString>National Center for Education Statistics</gco:CharacterString>
                            </organisationName>
                            <positionName>
                                <gco:CharacterString>Administrative Data Division</gco:CharacterString>
                            </positionName>
                            <contactInfo>
                                <CI_Contact>
                                    <phone>
                                        <CI_Telephone>
                                            <voice>
                                                <gco:CharacterString>202-245-8230</gco:CharacterString>
                                            </voice>
                                        </CI_Telephone>
                                    </phone>
                                    <address>
                                        <CI_Address>
                                            <deliveryPoint>
                                                <gco:CharacterString>550 12th St SW</gco:CharacterString>
                                            </deliveryPoint>
                                            <city>
                                                <gco:CharacterString>Washington</gco:CharacterString>
                                            </city>
                                            <administrativeArea>
                                                <gco:CharacterString>DC</gco:CharacterString>
                                            </administrativeArea>
                                            <postalCode>
                                                <gco:CharacterString>20202</gco:CharacterString>
                                            </postalCode>
                                            <country>
                                                <Country codeList="http://www.iso.org/iso/country_codes/iso_3166_code_lists.htm" codeListValue="US" codeSpace="ISO3166-1">US</Country>
                                            </country>
                                            <electronicMailAddress>
                                                <gco:CharacterString>Douglas.Geverdt@ed.gov</gco:CharacterString>
                                            </electronicMailAddress>
                                        </CI_Address>
                                    </address>
                                </CI_Contact>
                            </contactInfo>
                            <role>
                                <CI_RoleCode codeList="http://www.isotc211.org/2005/resources/Codelist/gmxCodelists.xml#CI_RoleCode" codeListValue="originator" codeSpace="ISOTC211/19115">originator</CI_RoleCode>
                            </role>
                        </CI_ResponsibleParty>
                    </contact>
                </MD_MaintenanceInformation>
            </resourceMaintenance>
            <descriptiveKeywords>
                <MD_Keywords>
                    <keyword>
                        <gco:CharacterString>Downloadable Data</gco:CharacterString>
                    </keyword>
                    <thesaurusName uuidref="723f6998-058e-11dc-8314-0800200c9a66"/>
                </MD_Keywords>
            </descriptiveKeywords>
            <descriptiveKeywords>
                <MD_Keywords>
                    <keyword>
                        <gco:CharacterString>Common Core of Data</gco:CharacterString>
                    </keyword>
                    <keyword>
                        <gco:CharacterString>CCD</gco:CharacterString>
                    </keyword>
                    <keyword>
                        <gco:CharacterString>Public Schools</gco:CharacterString>
                    </keyword>
                    <keyword>
                        <gco:CharacterString>National Center for Education Statistics</gco:CharacterString>
                    </keyword>
                    <keyword>
                        <gco:CharacterString>NCES</gco:CharacterString>
                    </keyword>
                    <keyword>
                        <gco:CharacterString>Public School Locations</gco:CharacterString>
                    </keyword>
                    <keyword>
                        <gco:CharacterString>U.S. Census Bureau</gco:CharacterString>
                    </keyword>
                    <keyword>
                        <gco:CharacterString>EDGE</gco:CharacterString>
                    </keyword>
                    <keyword>
                        <gco:CharacterString>Points</gco:CharacterString>
                    </keyword>
                    <keyword>
                        <gco:CharacterString>United States</gco:CharacterString>
                    </keyword>
                    <keyword>
                        <gco:CharacterString>Education Demographic and Geographic Estimates Program</gco:CharacterString>
                    </keyword>
                    <keyword>
                        <gco:CharacterString>Education</gco:CharacterString>
                    </keyword>
                </MD_Keywords>
            </descriptiveKeywords>
            <resourceConstraints>
                <MD_Constraints>
                    <useLimitation>
                        <gco:CharacterString>https://resources.data.gov/open-licenses/</gco:CharacterString>
                    </useLimitation>
                </MD_Constraints>
            </resourceConstraints>
            <spatialRepresentationType>
                <MD_SpatialRepresentationTypeCode codeList="http://www.isotc211.org/2005/resources/Codelist/gmxCodelists.xml#MD_SpatialRepresentationTypeCode" codeListValue="vector" codeSpace="ISOTC211/19115">vector</MD_SpatialRepresentationTypeCode>
            </spatialRepresentationType>
            <language>
                <LanguageCode codeList="http://www.loc.gov/standards/iso639-2/php/code_list.php" codeListValue="eng" codeSpace="ISO639-2">eng</LanguageCode>
            </language>
            <characterSet>
                <MD_CharacterSetCode codeList="http://www.isotc211.org/2005/resources/Codelist/gmxCodelists.xml#MD_CharacterSetCode" codeListValue="utf8" codeSpace="ISOTC211/19115">utf8</MD_CharacterSetCode>
            </characterSet>
            <topicCategory>
                <MD_TopicCategoryCode>location</MD_TopicCategoryCode>
            </topicCategory>
            <environmentDescription>
                <gco:CharacterString>Esri ArcGIS 13.1.0.41833</gco:CharacterString>
            </environmentDescription>
            <extent>
                <EX_Extent>
                    <geographicElement>
                        <EX_GeographicBoundingBox>
                            <extentTypeCode>
                                <gco:Boolean>true</gco:Boolean>
                            </extentTypeCode>
                            <westBoundLongitude>
                                <gco:Decimal>-131.6403309999978</gco:Decimal>
                            </westBoundLongitude>
                            <eastBoundLongitude>
                                <gco:Decimal>-63.219475999998934</gco:Decimal>
                            </eastBoundLongitude>
                            <southBoundLatitude>
                                <gco:Decimal>21.862095999999624</gco:Decimal>
                            </southBoundLatitude>
                            <northBoundLatitude>
                                <gco:Decimal>51.72614699999912</gco:Decimal>
                            </northBoundLatitude>
                        </EX_GeographicBoundingBox>
                    </geographicElement>
                </EX_Extent>
            </extent>
            <extent>
                <EX_Extent>
                    <description>
                        <gco:CharacterString>2022-2023 school year</gco:CharacterString>
                    </description>
                    <temporalElement>
                        <EX_TemporalExtent>
                            <extent>
                                <gml:TimePeriod gml:id="N65758">
                                    <gml:beginPosition>2022-07-15T00:00:00</gml:beginPosition>
                                    <gml:endPosition>2023-07-14T00:00:00</gml:endPosition>
                                </gml:TimePeriod>
                            </extent>
                        </EX_TemporalExtent>
                    </temporalElement>
                </EX_Extent>
            </extent>
        </MD_DataIdentification>
    </identificationInfo>
    <distributionInfo>
        <MD_Distribution>
            <distributionFormat>
                <MD_Format>
                    <name>
                        <gco:CharacterString>File Geodatabase Feature Class</gco:CharacterString>
                    </name>
                    <version gco:nilReason="missing"/>
                </MD_Format>
            </distributionFormat>
            <transferOptions>
                <MD_DigitalTransferOptions>
                    <transferSize>
                        <gco:Real>2.731</gco:Real>
                    </transferSize>
                </MD_DigitalTransferOptions>
            </transferOptions>
        </MD_Distribution>
    </distributionInfo>
    <dataQualityInfo>
        <DQ_DataQuality>
            <scope>
                <DQ_Scope>
                    <level>
                        <MD_ScopeCode codeList="http://www.isotc211.org/2005/resources/Codelist/gmxCodelists.xml#MD_ScopeCode" codeListValue="dataset" codeSpace="ISOTC211/19115">dataset</MD_ScopeCode>
                    </level>
                </DQ_Scope>
            </scope>
            <report>
                <DQ_ConceptualConsistency>
                    <measureDescription>
                        <gco:CharacterString>EDGE performed automated tests to ensure logical consistency and limits of the shapefiles. Standard geographic codes, such as FIPS codes for states, counties, state legislative districts, and congressional districts are used when encoding spatial entities. EDGE performed spatial data tests for logical consistency of the codes during the creation of the shapefiles. Most of the codes for geographic entities except states, counties, Core Based Statistical Areas (CBSAs), Combined Statistical Areas (CSAs), New England City and Town Areas (NECTAs), state legislative districts, and congressional districts were provided to the Census Bureau by the USGS, the agency responsible for maintaining the Geographic Names Information System (GNIS). Feature attribute information has been examined but has not been fully tested for consistency.</gco:CharacterString>
                    </measureDescription>
                    <result>
                        <DQ_ConformanceResult>
                            <specification>
                                <CI_Citation>
                                    <title gco:nilReason="missing"/>
                                    <date>
                                        <CI_Date>
                                            <date>
                                                <gco:Date>2024-01-26</gco:Date>
                                            </date>
                                            <dateType>
                                                <CI_DateTypeCode codeList="http://www.isotc211.org/2005/resources/Codelist/gmxCodelists.xml#CI_DateTypeCode" codeListValue="publication" codeSpace="ISOTC211/19115">publication</CI_DateTypeCode>
                                            </dateType>
                                        </CI_Date>
                                    </date>
                                </CI_Citation>
                            </specification>
                            <explanation gco:nilReason="missing"/>
                            <pass gco:nilReason="missing"/>
                        </DQ_ConformanceResult>
                    </result>
                </DQ_ConceptualConsistency>
            </report>
            <report>
                <DQ_CompletenessOmission>
                    <measureDescription>
                        <gco:CharacterString>Data completeness of the CCD school shapefile reflects the contents of the CCD universe at the time the shapefile was created.</gco:CharacterString>
                    </measureDescription>
                    <result>
                        <DQ_ConformanceResult>
                            <specification>
                                <CI_Citation>
                                    <title gco:nilReason="missing"/>
                                    <date>
                                        <CI_Date>
                                            <date>
                                                <gco:Date>2024-02-01</gco:Date>
                                            </date>
                                            <dateType>
                                                <CI_DateTypeCode codeList="http://www.isotc211.org/2005/resources/Codelist/gmxCodelists.xml#CI_DateTypeCode" codeListValue="publication" codeSpace="ISOTC211/19115">publication</CI_DateTypeCode>
                                            </dateType>
                                        </CI_Date>
                                    </date>
                                </CI_Citation>
                            </specification>
                            <explanation gco:nilReason="missing"/>
                            <pass gco:nilReason="missing"/>
                        </DQ_ConformanceResult>
                    </result>
                </DQ_CompletenessOmission>
            </report>
            <lineage>
                <LI_Lineage>
                    <processStep>
                        <LI_ProcessStep>
                            <description>
                                <gco:CharacterString>Run SAS scripts to perform spatial data tests for logical consistency of the codes during the creation of the shapefiles.</gco:CharacterString>
                            </description>
                            <dateTime>
                                <gco:DateTime>2023-11-28T00:00:00</gco:DateTime>
                            </dateTime>
                            <processor>
                                <CI_ResponsibleParty>
                                    <individualName>
                                        <gco:CharacterString>Douglas Geverdt</gco:CharacterString>
                                    </individualName>
                                    <organisationName>
                                        <gco:CharacterString>National Center for Education Statistics</gco:CharacterString>
                                    </organisationName>
                                    <positionName>
                                        <gco:CharacterString>Administrative Data Division</gco:CharacterString>
                                    </positionName>
                                    <contactInfo>
                                        <CI_Contact>
                                            <phone>
                                                <CI_Telephone>
                                                    <voice>
                                                        <gco:CharacterString>202-245-8230</gco:CharacterString>
                                                    </voice>
                                                </CI_Telephone>
                                            </phone>
                                            <address>
                                                <CI_Address>
                                                    <deliveryPoint>
                                                        <gco:CharacterString>550 12th St SW, #4038</gco:CharacterString>
                                                    </deliveryPoint>
                                                    <city>
                                                        <gco:CharacterString>Washington</gco:CharacterString>
                                                    </city>
                                                    <administrativeArea>
                                                        <gco:CharacterString>DC</gco:CharacterString>
                                                    </administrativeArea>
                                                    <postalCode>
                                                        <gco:CharacterString>20202</gco:CharacterString>
                                                    </postalCode>
                                                    <country>
                                                        <Country codeList="http://www.iso.org/iso/country_codes/iso_3166_code_lists.htm" codeListValue="US" codeSpace="ISO3166-1">US</Country>
                                                    </country>
                                                    <electronicMailAddress>
                                                        <gco:CharacterString>Douglas.Geverdt@ed.gov</gco:CharacterString>
                                                    </electronicMailAddress>
                                                </CI_Address>
                                            </address>
                                        </CI_Contact>
                                    </contactInfo>
                                    <role>
                                        <CI_RoleCode codeList="http://www.isotc211.org/2005/resources/Codelist/gmxCodelists.xml#CI_RoleCode" codeListValue="originator" codeSpace="ISOTC211/19115">originator</CI_RoleCode>
                                    </role>
                                </CI_ResponsibleParty>
                            </processor>
                        </LI_ProcessStep>
                    </processStep>
                </LI_Lineage>
            </lineage>
        </DQ_DataQuality>
    </dataQualityInfo>
    <metadataMaintenance>
        <MD_MaintenanceInformation>
            <maintenanceAndUpdateFrequency>
                <MD_MaintenanceFrequencyCode codeList="http://www.isotc211.org/2005/resources/Codelist/gmxCodelists.xml#MD_MaintenanceFrequencyCode" codeListValue="notPlanned" codeSpace="ISOTC211/19115">notPlanned</MD_MaintenanceFrequencyCode>
            </maintenanceAndUpdateFrequency>
        </MD_MaintenanceInformation>
    </metadataMaintenance>
</MD_Metadata>
